{"cameraMode":{"drawMode":0,"name":"Shaded","section":"Shading Mode"},"sceneLighting":false,"audioPlay":false,"sceneViewState":{"showFog":true,"showMaterialUpdate":false,"showSkybox":true,"showFlares":true,"showImageEffects":true,"showParticleSystems":true},"in2DMode":false,"pivot":{"x":-29.689537048339845,"y":-19.624073028564454,"z":2.5975546836853029},"rotation":{"x":0.19134552776813508,"y":-0.6455044746398926,"z":0.17143748700618745,"w":0.7192888855934143},"size":21.762826919555665,"orthographic":false}