{"cameraMode":{"drawMode":0,"name":"Shaded","section":"Shading Mode"},"sceneLighting":false,"audioPlay":false,"sceneViewState":{"showFog":true,"showMaterialUpdate":false,"showSkybox":false,"showFlares":true,"showImageEffects":true,"showParticleSystems":true},"in2DMode":false,"pivot":{"x":6.980000019073486,"y":0.9700000286102295,"z":0.0},"rotation":{"x":-0.0018079979345202447,"y":-0.05338750779628754,"z":0.0001262904261238873,"w":-0.9985991716384888},"size":2.6327178478240969,"orthographic":false}